{
  "q_table": {
    "beginning": [
      0.35290000000000005,
      0.0,
      0.0,
      0.0,
      0.0,
      0.0
    ],
    "middle": [
      0.0,
      0.0,
      0.19,
      0.0,
      0.0,
      0.0
    ],
    "end": [
      0.0,
      0.0,
      0.0,
      0.0,
      0.0,
      0.0
    ]
  },
  "exploration_rate": 0.2911117528068797
}